TimeStart,TimeEnd,PP0Start,PP0End,PP1Start,PP1End,PkgStart,PkgEnd,DramStart,DramEnd
1732647568546,1732647569853,456804404,459096236,0,0,620719889,623247893,12329232,12341475
1732647570397,1732647571680,459523378,461774816,0,0,623775107,626258631,12346948,12358953
1732647571699,1732647573001,461794245,464067746,0,0,626281669,628791770,12359490,12372234
1732647573020,1732647574304,464088179,466339968,0,0,628815587,631299375,12372796,12384854
1732647574323,1732647575606,466359561,468610038,0,0,631323094,633805478,12385436,12397470
1732647575622,1732647576911,468624993,470881936,0,0,633824814,636315441,12397997,12410143
1732647576922,1732647578207,470890763,473141647,0,0,636326742,638809696,12410585,12422639
1732647578224,1732647579522,473155735,475400149,0,0,638828086,641307963,12423274,12435453
1732647579535,1732647580834,475410668,477651115,0,0,641320955,643796791,12436017,12448249
1732647580857,1732647582154,477665171,479902673,0,0,643815680,646287646,12448831,12460967
1732647582172,1732647583471,479913239,482151150,0,0,646302648,648776081,12461313,12473473
1732647583489,1732647584788,482162022,484397640,0,0,648790437,651260837,12473796,12485935
1732647584806,1732647586104,484407416,486647470,0,0,651274365,653748717,12486250,12498387
1732647586124,1732647587533,486664591,488481310,0,0,653771372,655843553,12499038,12512176
1732647587542,1732647589072,488483561,489832854,0,0,655847228,657474516,12512390,12526690
1732647589080,1732647590612,489835065,491186058,0,0,657478140,659106436,12526942,12541243
1732647590620,1732647592150,491188308,492540502,0,0,659110916,660740444,12541509,12555764
1732647592165,1732647593694,492544295,493898599,0,0,660746762,662378063,12556059,12570299
1732647593715,1732647595241,493904196,495262488,0,0,662388238,664023071,12570655,12584875
1732647595263,1732647596789,495267820,496625777,0,0,664032739,665667436,12585233,12599454
1732647596810,1732647598338,496630899,497990914,0,0,665676422,667313704,12599795,12614038
1732647598356,1732647599885,497995447,499354231,0,0,667321503,668957699,12614366,12628619
1732647599901,1732647601430,499360628,500716233,0,0,668967087,670599905,12629140,12643383
1732647601441,1732647602970,500719025,502073997,0,0,670604815,672236483,12643650,12657893
1732647602978,1732647604510,502076125,503430148,0,0,672240670,673872504,12658113,12672408
1732647604518,1732647606049,503432220,504789046,0,0,673876347,675510212,12672654,12686907
1732647606060,1732647607591,504791902,506148270,0,0,675515778,677149308,12687182,12701436
1732647607600,1732647609129,506150531,507505554,0,0,677153809,678786340,12701690,12715945
1732647609137,1732647610670,507507700,508863724,0,0,678790053,680423472,12716193,12730450
1732647610678,1732647612210,508865933,510222573,0,0,680427598,682062290,12730683,12744973
1732647612224,1732647613758,510228400,511587251,0,0,682070493,683707508,12745530,12759836
1732647613766,1732647615299,511589477,512947391,0,0,683711481,685347880,12760065,12774376
1732647615307,1732647616842,512949494,514307407,0,0,685351490,686987167,12774624,12788898
1732647616849,1732647618383,514309608,515668185,0,0,686991268,688627408,12789136,12803420
1732647618391,1732647619924,515670270,517027470,0,0,688631465,690266391,12803647,12817942
1732647619931,1732647621464,517029722,518385434,0,0,690270551,691903980,12818176,12832462
1732647621472,1732647623006,518387512,519746971,0,0,691907956,693545812,12832701,12846993
1732647623014,1732647624548,519749222,521107664,0,0,693549595,695185965,12847242,12861517
1732647624562,1732647626098,521113646,522473894,0,0,695194863,696833861,12862140,12876450
1732647626106,1732647627640,522476237,523834000,0,0,696837623,698473622,12876688,12890978
1732647627648,1732647629182,523836291,525194622,0,0,698477481,700113967,12891226,12905509
1732647629190,1732647630725,525196605,526556248,0,0,700117593,701755688,12905757,12920051
1732647630733,1732647632269,526558614,527918477,0,0,701759437,703397544,12920283,12934592
1732647632277,1732647633811,527920722,529280149,0,0,703401690,705038691,12934825,12949119
1732647633819,1732647635355,529282114,530641287,0,0,705042740,706680717,12949336,12963673
