binary-trees,596.3994750976562,71.7142333984375,0.0,35.1842041015625,47323
binary-trees,591.5149536132812,70.7093505859375,0.0,34.879150390625,46975
binary-trees,596.6026611328125,71.8148193359375,0.0,35.19561767578125,47331
binary-trees,597.03076171875,72.6239013671875,0.0,35.1324462890625,47298
binary-trees,584.5775756835938,69.512451171875,0.0,34.3814697265625,46458
binary-trees,587.940185546875,68.9410400390625,0.0,34.71893310546875,46811
binary-trees,587.9337768554688,69.60040283203125,0.0,34.6773681640625,46751
binary-trees,592.7380981445312,70.47088623046875,0.0,35.00933837890625,47106
binary-trees,522.0313110351562,63.9798583984375,0.0,30.30987548828125,41315
binary-trees,521.7228393554688,62.95794677734375,0.0,30.3017578125,41383
binary-trees,515.66015625,61.3082275390625,0.0,30.0684814453125,40981
binary-trees,521.6110229492188,62.20770263671875,0.0,30.4205322265625,41439
binary-trees,520.96923828125,61.340087890625,0.0,30.39508056640625,41458
binary-trees,523.599609375,64.1153564453125,0.0,30.42144775390625,41446
binary-trees,518.738037109375,61.0120849609375,0.0,30.28759765625,41287
binary-trees,522.3098754882812,61.71453857421875,0.0,30.463623046875,41546
binary-trees,524.8084716796875,63.1595458984375,0.0,30.4742431640625,41642
binary-trees,522.9263916015625,63.510986328125,0.0,30.441162109375,41439
binary-trees,527.8450927734375,64.23046875,0.0,30.63916015625,41818
binary-trees,525.6356201171875,63.91619873046875,0.0,30.50830078125,41647
binary-trees,523.4822998046875,63.432373046875,0.0,30.42828369140625,41499
binary-trees,519.324951171875,61.49310302734375,0.0,30.30804443359375,41296
binary-trees,519.8636474609375,59.34735107421875,0.0,30.4522705078125,41539
binary-trees,520.82373046875,59.995361328125,0.0,30.6060791015625,41566
binary-trees,524.5753173828125,63.81280517578125,0.0,30.46728515625,41561
binary-trees,520.8790893554688,63.90753173828125,0.0,30.17620849609375,41221
binary-trees,521.124755859375,64.936279296875,0.0,30.14276123046875,41149
binary-trees,525.3661499023438,64.50439453125,0.0,30.43463134765625,41572
binary-trees,525.5609741210938,65.0289306640625,0.0,30.4176025390625,41541
binary-trees,519.7578125,62.19384765625,0.0,30.32061767578125,41271
binary-trees,523.7753295898438,64.36260986328125,0.0,30.3756103515625,41440
binary-trees,524.0006713867188,63.07550048828125,0.0,30.45489501953125,41577
binary-trees,520.2661743164062,63.46221923828125,0.0,30.21417236328125,41203
binary-trees,519.9071044921875,61.9608154296875,0.0,30.27166748046875,41307
binary-trees,521.1671752929688,61.27178955078125,0.0,30.406005859375,41483
binary-trees,523.2391357421875,63.1724853515625,0.0,30.439208984375,41499
binary-trees,521.3605346679688,63.6185302734375,0.0,30.312744140625,41288
binary-trees,521.8771362304688,63.885498046875,0.0,30.27557373046875,41312
binary-trees,517.6539916992188,61.96905517578125,0.0,30.1387939453125,41104
binary-trees,524.9200439453125,63.37548828125,0.0,30.52923583984375,41631
binary-trees,522.3206787109375,65.16339111328125,0.0,30.237060546875,41235
binary-trees,519.669921875,63.695068359375,0.0,30.16259765625,41130
binary-trees,521.05322265625,63.7032470703125,0.0,30.25177001953125,41255
binary-trees,515.376708984375,61.4654541015625,0.0,30.01861572265625,40944
division-loop,163.08697509765625,10.69390869140625,0.0,7.6640625,13775
division-loop,163.08880615234375,10.72589111328125,0.0,7.66314697265625,13775
division-loop,163.2720947265625,10.9034423828125,0.0,7.6630859375,13775
division-loop,163.07513427734375,10.703857421875,0.0,7.66143798828125,13774
division-loop,163.0445556640625,10.67962646484375,0.0,7.66162109375,13774
division-loop,163.15948486328125,10.78131103515625,0.0,7.66473388671875,13775
division-loop,163.0367431640625,10.67193603515625,0.0,7.66259765625,13773
division-loop,163.00799560546875,10.6541748046875,0.0,7.66156005859375,13774
division-loop,163.0614013671875,10.6805419921875,0.0,7.661376953125,13773
division-loop,163.13446044921875,10.7369384765625,0.0,7.66204833984375,13774
division-loop,163.10040283203125,10.70989990234375,0.0,7.6619873046875,13775
division-loop,163.00457763671875,10.61688232421875,0.0,7.6619873046875,13774
division-loop,163.17584228515625,10.81103515625,0.0,7.66192626953125,13774
division-loop,163.07830810546875,10.72998046875,0.0,7.66143798828125,13773
division-loop,163.3050537109375,10.93206787109375,0.0,7.66143798828125,13773
division-loop,163.07427978515625,10.70849609375,0.0,7.661376953125,13774
division-loop,163.00341796875,10.63336181640625,0.0,7.66156005859375,13773
division-loop,163.0167236328125,10.64886474609375,0.0,7.66156005859375,13773
division-loop,163.01519775390625,10.6778564453125,0.0,7.66094970703125,13772
division-loop,162.9793701171875,10.6265869140625,0.0,7.661376953125,13774
division-loop,163.0694580078125,10.69769287109375,0.0,7.66168212890625,13773
division-loop,163.13043212890625,10.7554931640625,0.0,7.661376953125,13773
division-loop,163.1663818359375,10.789794921875,0.0,7.661376953125,13774
division-loop,162.96807861328125,10.6044921875,0.0,7.66143798828125,13773
division-loop,163.09686279296875,10.73626708984375,0.0,7.66192626953125,13774
division-loop,162.8680419921875,10.52862548828125,0.0,7.6602783203125,13771
division-loop,163.0650634765625,10.70526123046875,0.0,7.6614990234375,13772
division-loop,162.837646484375,10.48150634765625,0.0,7.6612548828125,13772
division-loop,163.0009765625,10.65032958984375,0.0,7.66033935546875,13772
division-loop,162.82781982421875,10.48980712890625,0.0,7.66107177734375,13773
division-loop,162.9747314453125,10.63555908203125,0.0,7.660888671875,13772
division-loop,162.86669921875,10.5255126953125,0.0,7.66033935546875,13772
division-loop,162.9490966796875,10.59063720703125,0.0,7.66082763671875,13772
division-loop,162.91387939453125,10.5643310546875,0.0,7.6602783203125,13772
division-loop,162.99713134765625,10.6309814453125,0.0,7.660888671875,13771
division-loop,162.98223876953125,10.65234375,0.0,7.66033935546875,13772
division-loop,163.037109375,10.69781494140625,0.0,7.66082763671875,13772
division-loop,162.95452880859375,10.6024169921875,0.0,7.6602783203125,13771
division-loop,162.98291015625,10.632568359375,0.0,7.6607666015625,13772
division-loop,163.044189453125,10.69427490234375,0.0,7.6602783203125,13771
division-loop,162.955322265625,10.60284423828125,0.0,7.66094970703125,13771
division-loop,162.87322998046875,10.54119873046875,0.0,7.65966796875,13771
division-loop,163.00225830078125,10.6710205078125,0.0,7.6605224609375,13771
division-loop,162.99566650390625,10.65087890625,0.0,7.6602783203125,13771
fannkuch-redux,486.5496826171875,145.90802001953125,0.0,17.12939453125,30780
fannkuch-redux,489.14056396484375,148.20465087890625,0.0,17.14495849609375,30807
fannkuch-redux,483.153076171875,143.4598388671875,0.0,17.081298828125,30693
fannkuch-redux,486.15960693359375,145.38446044921875,0.0,17.13653564453125,30792
fannkuch-redux,485.3675537109375,145.7149658203125,0.0,17.07861328125,30689
fannkuch-redux,486.81585693359375,147.00677490234375,0.0,17.08612060546875,30703
fannkuch-redux,489.65411376953125,147.97088623046875,0.0,17.1810302734375,30874
fannkuch-redux,486.9742431640625,145.8482666015625,0.0,17.15106201171875,30822
fannkuch-redux,486.0074462890625,146.4302978515625,0.0,17.072509765625,30681
fannkuch-redux,487.2926025390625,147.2203369140625,0.0,17.10064697265625,30729
fannkuch-redux,487.0655517578125,147.49395751953125,0.0,17.0740966796875,30682
fannkuch-redux,487.73931884765625,147.70367431640625,0.0,17.0968017578125,30725
fannkuch-redux,485.24102783203125,145.032470703125,0.0,17.10723876953125,30740
fannkuch-redux,486.21856689453125,146.06207275390625,0.0,17.10748291015625,30736
fannkuch-redux,488.2081298828125,147.3331298828125,0.0,17.141357421875,30800
fannkuch-redux,486.2462158203125,146.50555419921875,0.0,17.0810546875,30697
fannkuch-redux,486.076904296875,145.48175048828125,0.0,17.12457275390625,30775
fannkuch-redux,482.6820068359375,142.88037109375,0.0,17.08465576171875,30704
fannkuch-redux,482.75347900390625,141.2530517578125,0.0,17.171142578125,30857
fannkuch-redux,485.99285888671875,144.37054443359375,0.0,17.17138671875,30866
fannkuch-redux,480.74493408203125,140.75152587890625,0.0,17.09014892578125,30720
fannkuch-redux,482.38043212890625,141.68988037109375,0.0,17.12371826171875,30784
fannkuch-redux,479.67706298828125,138.87744140625,0.0,17.12847900390625,30793
fannkuch-redux,483.2554931640625,141.43267822265625,0.0,17.180419921875,30886
fannkuch-redux,482.9210205078125,144.15338134765625,0.0,17.02691650390625,30608
fannkuch-redux,481.12677001953125,142.16790771484375,0.0,17.036865234375,30626
fannkuch-redux,484.3157958984375,144.01611328125,0.0,17.10443115234375,30747
fannkuch-redux,485.90020751953125,145.47796630859375,0.0,17.11090087890625,30759
fannkuch-redux,486.02703857421875,145.702880859375,0.0,17.1053466796875,30750
fannkuch-redux,488.22003173828125,146.4505615234375,0.0,17.18023681640625,30881
fannkuch-redux,486.6812744140625,145.0693359375,0.0,17.17242431640625,30866
fannkuch-redux,484.2957763671875,145.69232177734375,0.0,17.01947021484375,30595
fannkuch-redux,488.9951171875,147.36944580078125,0.0,17.17022705078125,30868
fannkuch-redux,487.01715087890625,147.219482421875,0.0,17.07855224609375,30702
fannkuch-redux,487.6109619140625,145.616943359375,0.0,17.1884765625,30900
fannkuch-redux,484.71307373046875,144.48834228515625,0.0,17.10009765625,30740
fannkuch-redux,484.439453125,144.75628662109375,0.0,17.07354736328125,30694
fannkuch-redux,487.11090087890625,146.54534912109375,0.0,17.11688232421875,30771
fannkuch-redux,486.33319091796875,146.6185302734375,0.0,17.07562255859375,30695
fannkuch-redux,486.01416015625,146.60888671875,0.0,17.0623779296875,30667
fannkuch-redux,487.333984375,147.2470703125,0.0,17.09307861328125,30729
fannkuch-redux,485.89501953125,145.95770263671875,0.0,17.0872802734375,30715
fannkuch-redux,487.2781982421875,147.29925537109375,0.0,17.0877685546875,30719
fannkuch-redux,487.72418212890625,147.74072265625,0.0,17.08807373046875,30720
fasta,517.7910766601562,97.05755615234375,0.0,21.20452880859375,38016
fasta,537.234130859375,97.873046875,0.0,22.1402587890625,39701
fasta,502.9527587890625,94.903076171875,0.0,20.564208984375,36871
fasta,537.0776977539062,96.716064453125,0.0,22.1944580078125,39790
fasta,514.3478393554688,95.877685546875,0.0,21.08856201171875,37813
fasta,524.365478515625,97.1046142578125,0.0,21.53277587890625,38608
fasta,508.819091796875,94.0859375,0.0,20.90460205078125,37475
fasta,517.2024536132812,96.4705810546875,0.0,21.2044677734375,38019
fasta,518.7806396484375,93.1868896484375,0.0,21.44635009765625,38456
fasta,510.65216064453125,93.8123779296875,0.0,21.01092529296875,37666
fasta,514.5542602539062,95.6732177734375,0.0,21.10797119140625,37851
fasta,528.779541015625,95.21453857421875,0.0,21.84979248046875,39176
fasta,511.40386962890625,93.9124755859375,0.0,21.04095458984375,37724
fasta,519.0260620117188,96.4041748046875,0.0,21.29974365234375,38189
fasta,516.9638671875,97.45068359375,0.0,21.14801025390625,37907
fasta,535.5093383789062,100.390869140625,0.0,21.92669677734375,39318
fasta,537.1415405273438,98.82220458984375,0.0,22.08660888671875,39607
fasta,530.1756591796875,97.7100830078125,0.0,21.79461669921875,39078
fasta,516.9322509765625,96.40008544921875,0.0,21.1947021484375,37998
fasta,532.3438110351562,94.81622314453125,0.0,22.05035400390625,39534
fasta,524.3807373046875,97.0865478515625,0.0,21.53363037109375,38609
fasta,516.7197265625,97.40667724609375,0.0,21.1337890625,37889
fasta,551.2869873046875,100.35040283203125,0.0,22.72216796875,40746
fasta,529.6613159179688,100.37127685546875,0.0,21.633544921875,38791
fasta,518.2164916992188,97.7412109375,0.0,21.1917724609375,37994
fasta,506.74407958984375,96.366943359375,0.0,20.68212890625,37081
fasta,532.78759765625,100.2060546875,0.0,21.80096435546875,39088
fasta,516.559326171875,96.72222900390625,0.0,21.158935546875,37935
fasta,524.7147216796875,100.19580078125,0.0,21.39520263671875,38360
fasta,520.9801635742188,98.21405029296875,0.0,21.31048583984375,38201
fasta,532.4566650390625,98.914794921875,0.0,21.8497314453125,39175
fasta,525.4979248046875,97.67578125,0.0,21.5599365234375,38658
fasta,512.3954467773438,96.13336181640625,0.0,20.9788818359375,37614
fasta,526.2357177734375,97.98419189453125,0.0,21.5794677734375,38695
fasta,519.0492553710938,95.49200439453125,0.0,21.34515380859375,38272
fasta,525.3621826171875,96.95916748046875,0.0,21.589111328125,38710
fasta,524.9181518554688,95.27752685546875,0.0,21.65509033203125,38822
fasta,521.1815185546875,95.79071044921875,0.0,21.4356689453125,38437
fasta,509.377685546875,94.56646728515625,0.0,20.9073486328125,37482
fasta,519.7733764648438,97.603759765625,0.0,21.2762451171875,38146
fasta,519.3455200195312,95.3394775390625,0.0,21.3697509765625,38312
fasta,517.9723510742188,96.4761962890625,0.0,21.23980712890625,38086
fasta,520.4890747070312,96.3072509765625,0.0,21.3775634765625,38329
fasta,519.7788696289062,99.04095458984375,0.0,21.203857421875,38018
k-nucleotide,163.01617431640625,34.08349609375,0.0,8.8463134765625,11647
k-nucleotide,163.62921142578125,34.16943359375,0.0,8.9073486328125,11693
k-nucleotide,163.33270263671875,33.6458740234375,0.0,8.94891357421875,11715
k-nucleotide,164.77008056640625,33.82220458984375,0.0,8.9686279296875,11829
k-nucleotide,161.53131103515625,33.70806884765625,0.0,8.85211181640625,11545
k-nucleotide,186.356201171875,40.12274169921875,0.0,9.8614501953125,13212
k-nucleotide,183.30914306640625,39.48760986328125,0.0,9.74298095703125,12993
k-nucleotide,186.01141357421875,39.41937255859375,0.0,10.0220947265625,13245
k-nucleotide,182.6707763671875,40.1280517578125,0.0,9.647216796875,12879
k-nucleotide,187.37396240234375,40.17767333984375,0.0,9.95294189453125,13298
k-nucleotide,177.37255859375,38.44561767578125,0.0,9.41290283203125,12550
k-nucleotide,177.89788818359375,38.307861328125,0.0,9.4368896484375,12611
k-nucleotide,186.39654541015625,38.9852294921875,0.0,9.9315185546875,13317
k-nucleotide,177.89569091796875,38.81610107421875,0.0,9.45849609375,12566
k-nucleotide,170.212158203125,38.79974365234375,0.0,9.18841552734375,11869
k-nucleotide,179.68927001953125,39.149658203125,0.0,9.65533447265625,12697
k-nucleotide,176.45928955078125,38.548583984375,0.0,9.35845947265625,12458
k-nucleotide,168.989501953125,38.12750244140625,0.0,9.17974853515625,11820
k-nucleotide,179.28155517578125,38.28131103515625,0.0,9.47137451171875,12741
k-nucleotide,167.654052734375,38.36517333984375,0.0,9.11798095703125,11679
k-nucleotide,179.3309326171875,38.8839111328125,0.0,9.4840087890625,12687
k-nucleotide,181.56201171875,38.9190673828125,0.0,9.693603515625,12885
k-nucleotide,182.380126953125,38.1829833984375,0.0,9.84552001953125,13028
k-nucleotide,178.38580322265625,38.46881103515625,0.0,9.37774658203125,12641
k-nucleotide,179.443359375,38.0723876953125,0.0,9.62640380859375,12772
k-nucleotide,179.41729736328125,38.10235595703125,0.0,9.64056396484375,12767
k-nucleotide,178.84844970703125,37.30712890625,0.0,9.57196044921875,12787
k-nucleotide,181.11572265625,37.87457275390625,0.0,9.8077392578125,12940
k-nucleotide,177.93499755859375,37.46697998046875,0.0,9.5130615234375,12691
k-nucleotide,181.2978515625,38.7196044921875,0.0,9.7176513671875,12879
k-nucleotide,168.0606689453125,38.355224609375,0.0,9.1724853515625,11716
k-nucleotide,179.67919921875,38.5113525390625,0.0,9.54541015625,12753
k-nucleotide,181.90985107421875,38.857421875,0.0,9.667724609375,12923
k-nucleotide,177.60174560546875,38.48785400390625,0.0,9.47271728515625,12568
k-nucleotide,180.86376953125,38.77099609375,0.0,9.62615966796875,12837
k-nucleotide,179.2275390625,38.81787109375,0.0,9.59356689453125,12684
k-nucleotide,177.57415771484375,38.7803955078125,0.0,9.46551513671875,12538
k-nucleotide,180.9188232421875,39.128173828125,0.0,9.63751220703125,12810
k-nucleotide,185.8096923828125,38.294189453125,0.0,9.8101806640625,13329
k-nucleotide,180.87176513671875,38.266357421875,0.0,9.642578125,12884
k-nucleotide,177.87445068359375,38.32080078125,0.0,9.39678955078125,12608
k-nucleotide,175.8585205078125,37.45849609375,0.0,9.4100341796875,12504
k-nucleotide,177.736083984375,38.2705078125,0.0,9.50634765625,12599
k-nucleotide,180.47930908203125,38.7576904296875,0.0,9.6055908203125,12803
mandelbrot,146.6552734375,35.59185791015625,0.0,5.63385009765625,10035
mandelbrot,147.66619873046875,35.9688720703125,0.0,5.67950439453125,10093
mandelbrot,146.810546875,35.71136474609375,0.0,5.6396484375,10039
mandelbrot,147.1072998046875,35.9605712890625,0.0,5.64483642578125,10043
mandelbrot,150.72796630859375,36.29437255859375,0.0,5.8035888671875,10339
mandelbrot,148.38031005859375,36.17230224609375,0.0,5.697265625,10139
mandelbrot,150.50103759765625,35.89215087890625,0.0,5.81610107421875,10356
mandelbrot,147.28973388671875,35.71038818359375,0.0,5.6748046875,10082
mandelbrot,147.14404296875,35.869140625,0.0,5.63458251953125,10055
mandelbrot,148.18585205078125,35.84722900390625,0.0,5.7060546875,10150
mandelbrot,151.292724609375,36.286376953125,0.0,5.83038330078125,10392
mandelbrot,146.67816162109375,35.697021484375,0.0,5.634033203125,10027
mandelbrot,148.643310546875,35.82598876953125,0.0,5.72772216796875,10193
mandelbrot,147.184814453125,35.76373291015625,0.0,5.666015625,10068
mandelbrot,146.02520751953125,35.2667236328125,0.0,5.61383056640625,10008
mandelbrot,147.032958984375,35.7296142578125,0.0,5.6527099609375,10057
mandelbrot,146.1776123046875,35.4073486328125,0.0,5.61773681640625,10008
mandelbrot,146.50543212890625,35.55596923828125,0.0,5.6312255859375,10025
mandelbrot,151.8839111328125,36.05572509765625,0.0,5.8779296875,10466
mandelbrot,158.09619140625,36.16064453125,0.0,6.19354248046875,11018
mandelbrot,146.41131591796875,35.63140869140625,0.0,5.61395263671875,10010
mandelbrot,147.36285400390625,35.92803955078125,0.0,5.66015625,10068
mandelbrot,146.30621337890625,35.51611328125,0.0,5.61895751953125,10010
mandelbrot,149.6512451171875,35.89471435546875,0.0,5.77313232421875,10278
mandelbrot,155.47857666015625,36.12078857421875,0.0,6.0574951171875,10785
mandelbrot,148.11431884765625,35.73248291015625,0.0,5.7139892578125,10153
mandelbrot,145.97027587890625,35.44879150390625,0.0,5.593994140625,9987
mandelbrot,151.8714599609375,35.6317138671875,0.0,5.90484619140625,10502
mandelbrot,146.2137451171875,35.3447265625,0.0,5.61993408203125,10017
mandelbrot,146.79351806640625,35.33123779296875,0.0,5.6658935546875,10071
mandelbrot,146.21173095703125,35.370361328125,0.0,5.62347412109375,10016
mandelbrot,147.238525390625,35.4974365234375,0.0,5.67230224609375,10097
mandelbrot,146.57098388671875,35.48114013671875,0.0,5.6402587890625,10037
mandelbrot,147.1505126953125,35.5086669921875,0.0,5.6624755859375,10088
mandelbrot,146.24432373046875,35.43255615234375,0.0,5.61627197265625,10012
mandelbrot,148.11602783203125,35.50860595703125,0.0,5.7119140625,10175
mandelbrot,152.2972412109375,35.89599609375,0.0,5.90289306640625,10517
mandelbrot,148.72808837890625,35.752197265625,0.0,5.73480224609375,10208
mandelbrot,146.45477294921875,35.529052734375,0.0,5.6370849609375,10022
mandelbrot,147.3121337890625,36.04083251953125,0.0,5.65716552734375,10054
mandelbrot,146.516357421875,36.0009765625,0.0,5.59326171875,9986
mandelbrot,152.274169921875,36.1865234375,0.0,5.9002685546875,10488
mandelbrot,146.793212890625,35.84527587890625,0.0,5.6275634765625,10024
mandelbrot,151.67529296875,35.91558837890625,0.0,5.87347412109375,10460
matrix-multiplication,79.4117431640625,10.635498046875,0.0,3.4678955078125,6214
matrix-multiplication,79.0714111328125,10.265625,0.0,3.4713134765625,6217
matrix-multiplication,79.72967529296875,10.500244140625,0.0,3.51068115234375,6256
matrix-multiplication,80.094482421875,10.72174072265625,0.0,3.49835205078125,6268
matrix-multiplication,79.80816650390625,10.47711181640625,0.0,3.49566650390625,6264
matrix-multiplication,79.88189697265625,10.9161376953125,0.0,3.47705078125,6232
matrix-multiplication,79.816162109375,10.66162109375,0.0,3.48681640625,6248
matrix-multiplication,79.56304931640625,10.487548828125,0.0,3.49041748046875,6242
matrix-multiplication,79.96099853515625,10.43170166015625,0.0,3.5069580078125,6282
matrix-multiplication,79.55218505859375,10.58990478515625,0.0,3.4775390625,6232
matrix-multiplication,79.57373046875,10.44549560546875,0.0,3.48553466796875,6247
matrix-multiplication,79.31829833984375,10.19000244140625,0.0,3.48565673828125,6247
matrix-multiplication,79.18743896484375,9.99237060546875,0.0,3.494873046875,6253
matrix-multiplication,79.3231201171875,10.19598388671875,0.0,3.48565673828125,6247
matrix-multiplication,79.30706787109375,10.23297119140625,0.0,3.48223876953125,6241
matrix-multiplication,79.33258056640625,10.25555419921875,0.0,3.4825439453125,6242
matrix-multiplication,79.40997314453125,10.28131103515625,0.0,3.48553466796875,6247
matrix-multiplication,79.38165283203125,10.3465576171875,0.0,3.4869384765625,6237
matrix-multiplication,79.08563232421875,10.3016357421875,0.0,3.46783447265625,6216
matrix-multiplication,79.31121826171875,10.53118896484375,0.0,3.4676513671875,6214
matrix-multiplication,79.60333251953125,10.8592529296875,0.0,3.46539306640625,6213
matrix-multiplication,79.6661376953125,10.89288330078125,0.0,3.46759033203125,6215
matrix-multiplication,79.93634033203125,10.99847412109375,0.0,3.48223876953125,6228
matrix-multiplication,79.785400390625,10.965576171875,0.0,3.46978759765625,6219
matrix-multiplication,80.090576171875,11.05096435546875,0.0,3.4803466796875,6239
matrix-multiplication,80.25811767578125,11.3818359375,0.0,3.47222900390625,6224
matrix-multiplication,80.4721069336,10.39996337890625,0.0,3.49139404296875,6246
matrix-multiplication,79.39630126953125,10.6341552734375,0.0,3.46710205078125,6215
matrix-multiplication,79.94403076171875,11.154052734375,0.0,3.46807861328125,6215
matrix-multiplication,80.0335693359375,11.269775390625,0.0,3.46673583984375,6214
matrix-multiplication,80.375244140625,11.56463623046875,0.0,3.46942138671875,6217
matrix-multiplication,80.12359619140625,11.2340087890625,0.0,3.48046875,6224
matrix-multiplication,80.17572021484375,11.408935546875,0.0,3.4676513671875,6213
matrix-multiplication,80.333251953125,11.5697021484375,0.0,3.4669189453125,6214
matrix-multiplication,80.7393798828125,11.91595458984375,0.0,3.47027587890625,6219
matrix-multiplication,80.53131103515625,11.75543212890625,0.0,3.46759033203125,6215
matrix-multiplication,81.69805908203125,12.24713134765625,0.0,3.50885009765625,6276
matrix-multiplication,80.440185546875,11.40936279296875,0.0,3.48114013671875,6238
matrix-multiplication,80.24676513671875,11.17950439453125,0.0,3.48248291015625,6240
matrix-multiplication,80.59051513671875,11.47711181640625,0.0,3.48663330078125,6245
matrix-multiplication,80.48516845703125,11.40130615234375,0.0,3.48382568359375,6242
matrix-multiplication,80.86199951171875,11.63983154296875,0.0,3.49810791015625,6256
matrix-multiplication,79.87030029296875,10.75006103515625,0.0,3.4852294921875,6246
matrix-multiplication,80.3424072265625,11.2130126953125,0.0,3.48614501953125,6247
n-body,238.88787841796875,15.802978515625,0.0,11.2178955078125,20165
n-body,239.1551513671875,15.84991455078125,0.0,11.2291259765625,20186
n-body,239.1522216796875,15.76470947265625,0.0,11.2325439453125,20192
n-body,238.465576171875,15.6600341796875,0.0,11.2025146484375,20138
n-body,238.8023681640625,15.59393310546875,0.0,11.2235107421875,20177
n-body,238.50103759765625,15.60791015625,0.0,11.20843505859375,20148
n-body,239.72393798828125,15.8460693359375,0.0,11.2569580078125,20237
n-body,239.46636962890625,15.7655029296875,0.0,11.24688720703125,20218
n-body,239.48651123046875,15.74139404296875,0.0,11.24908447265625,20223
n-body,239.0311279296875,15.76995849609375,0.0,11.2264404296875,20182
n-body,239.542236328125,15.9217529296875,0.0,11.2440185546875,20215
n-body,239.63037109375,15.7860107421875,0.0,11.25469970703125,20233
n-body,239.23284912109375,15.7017822265625,0.0,11.238037109375,20203
n-body,239.18194580078125,15.78143310546875,0.0,11.23284912109375,20194
n-body,238.1048583984375,15.831787109375,0.0,11.1790771484375,20093
n-body,238.46417236328125,15.61688232421875,0.0,11.2056884765625,20144
n-body,239.6202392578125,16.20025634765625,0.0,11.2330322265625,20194
n-body,239.52276611328125,15.64227294921875,0.0,11.25634765625,20235
n-body,238.0501708984375,15.59051513671875,0.0,11.1864013671875,20111
n-body,238.71771240234375,15.65087890625,0.0,11.21673583984375,20164
n-body,239.45281982421875,15.8651123046875,0.0,11.2420654296875,20210
n-body,238.49835205078125,15.66729736328125,0.0,11.202880859375,20139
n-body,239.04669189453125,15.7427978515625,0.0,11.227294921875,20183
n-body,240.669189453125,15.96112060546875,0.0,11.299072265625,20313
n-body,239.90521240234375,16.18634033203125,0.0,11.2498779296875,20222
n-body,239.59552001953125,15.9588623046875,0.0,11.24420166015625,20214
n-body,239.45367431640625,15.90338134765625,0.0,11.23956298828125,20206
n-body,239.70452880859375,15.86883544921875,0.0,11.2557373046875,20234
n-body,239.07684326171875,15.6829833984375,0.0,11.23345947265625,20196
n-body,239.35809326171875,15.77197265625,0.0,11.245361328125,20212
n-body,238.0771484375,15.7125244140625,0.0,11.1805419921875,20099
n-body,238.14300537109375,15.6021728515625,0.0,11.19012451171875,20116
n-body,239.1326904296875,15.82537841796875,0.0,11.230224609375,20188
n-body,238.70074462890625,16.05902099609375,0.0,11.19580078125,20127
n-body,238.708740234375,16.1304931640625,0.0,11.19232177734375,20121
n-body,238.02569580078125,15.7847900390625,0.0,11.1746826171875,20089
n-body,-261905.26416015625,15.9918212890625,0.0,11.20068359375,20136
n-body,242.60205078125,16.62994384765625,0.0,11.363037109375,20429
n-body,239.5084228515625,16.89898681640625,0.0,11.193359375,20122
n-body,239.23358154296875,16.5693359375,0.0,11.19573974609375,20127
n-body,239.17047119140625,16.93572998046875,0.0,11.17340087890625,20087
n-body,239.86859130859375,17.49432373046875,0.0,11.18115234375,20100
n-body,239.006103515625,17.09735107421875,0.0,11.158935546875,20061
n-body,239.671630859375,17.08917236328125,0.0,11.19171142578125,20120
polynomial-evaluation,49.53875732421875,6.3109130859375,0.0,2.19927978515625,3906
polynomial-evaluation,50.07281494140625,6.70245361328125,0.0,2.2109375,3918
polynomial-evaluation,49.9117431640625,6.62176513671875,0.0,2.20477294921875,3913
polynomial-evaluation,49.36639404296875,6.10687255859375,0.0,2.2034912109375,3908
polynomial-evaluation,49.58837890625,6.2777099609375,0.0,2.20660400390625,3915
polynomial-evaluation,49.19207763671875,5.94512939453125,0.0,2.20220947265625,3908
polynomial-evaluation,49.3408203125,6.11627197265625,0.0,2.2012939453125,3905
polynomial-evaluation,49.53851318359375,6.26898193359375,0.0,2.2039794921875,3910
polynomial-evaluation,49.783935546875,6.51416015625,0.0,2.20428466796875,3910
polynomial-evaluation,49.35333251953125,6.12847900390625,0.0,2.20123291015625,3906
polynomial-evaluation,49.48394775390625,6.2247314453125,0.0,2.2021484375,3909
polynomial-evaluation,49.41796875,6.1925048828125,0.0,2.2021484375,3905
polynomial-evaluation,49.181396484375,6.03692626953125,0.0,2.1982421875,3899
polynomial-evaluation,49.7757568359375,6.5179443359375,0.0,2.20465087890625,3909
polynomial-evaluation,50.10186767578125,6.64501953125,0.0,2.214111328125,3927
polynomial-evaluation,49.68450927734375,6.4385986328125,0.0,2.20367431640625,3907
polynomial-evaluation,49.28631591796875,6.140380859375,0.0,2.197998046875,3899
polynomial-evaluation,49.59814453125,6.362060546875,0.0,2.203857421875,3907
polynomial-evaluation,49.3621826171875,6.21392822265625,0.0,2.199951171875,3899
polynomial-evaluation,49.29638671875,6.10296630859375,0.0,2.2037353515625,3903
polynomial-evaluation,49.05078125,5.90576171875,0.0,2.1986083984375,3898
polynomial-evaluation,49.297607421875,6.14935302734375,0.0,2.19952392578125,3899
polynomial-evaluation,49.0538330078125,5.88604736328125,0.0,2.1995849609375,3901
polynomial-evaluation,49.1260986328125,5.92327880859375,0.0,2.20147705078125,3903
polynomial-evaluation,49.11492919921875,5.96685791015625,0.0,2.198486328125,3900
polynomial-evaluation,49.22509765625,6.01141357421875,0.0,2.19964599609375,3904
polynomial-evaluation,49.373291015625,5.81488037109375,0.0,2.21826171875,3936
polynomial-evaluation,49.25726318359375,5.9776611328125,0.0,2.20477294921875,3910
polynomial-evaluation,49.55767822265625,6.37841796875,0.0,2.19970703125,3902
polynomial-evaluation,49.47186279296875,6.2694091796875,0.0,2.19970703125,3903
polynomial-evaluation,49.29132080078125,6.1868896484375,0.0,2.19769287109375,3895
polynomial-evaluation,49.2178955078125,6.15924072265625,0.0,2.1961669921875,3891
polynomial-evaluation,49.2598876953125,6.12493896484375,0.0,2.1998291015625,3898
polynomial-evaluation,49.57647705078125,6.32843017578125,0.0,2.2052001953125,3908
polynomial-evaluation,49.5126953125,6.29766845703125,0.0,2.20379638671875,3905
polynomial-evaluation,49.5467529296875,6.290283203125,0.0,2.20526123046875,3909
polynomial-evaluation,49.35675048828125,6.108642578125,0.0,2.20404052734375,3908
polynomial-evaluation,49.309326171875,6.172119140625,0.0,2.19830322265625,3898
polynomial-evaluation,49.40643310546875,6.212890625,0.0,2.20220947265625,3902
polynomial-evaluation,49.252197265625,6.09625244140625,0.0,2.2000732421875,3900
polynomial-evaluation,49.032470703125,5.83966064453125,0.0,2.200927734375,3903
polynomial-evaluation,50.58331298828125,6.0074462890625,0.0,2.2744140625,4027
polynomial-evaluation,49.3974609375,5.9317626953125,0.0,2.21514892578125,3929
polynomial-evaluation,49.55511474609375,6.031494140625,0.0,2.2191162109375,3932
regex-redux,395.46923828125,95.01141357421875,0.0,15.87396240234375,27144
regex-redux,390.5157470703125,95.4610595703125,0.0,15.60565185546875,26659
regex-redux,395.43548583984375,94.53411865234375,0.0,15.959716796875,27183
regex-redux,379.35260009765625,92.382080078125,0.0,15.1920166015625,25929
regex-redux,398.46014404296875,94.3779296875,0.0,16.05889892578125,27474
regex-redux,367.63555908203125,91.32000732421875,0.0,14.6722412109375,24966
regex-redux,377.95660400390625,95.004150390625,0.0,14.996826171875,25564
regex-redux,391.137451171875,93.79864501953125,0.0,15.79119873046875,26863
regex-redux,384.09234619140625,94.0609130859375,0.0,15.444580078125,26200
regex-redux,383.53656005859375,94.00421142578125,0.0,15.3580322265625,26157
regex-redux,308.56121826171875,90.05853271484375,0.0,11.80889892578125,19739
regex-redux,389.659423828125,93.405517578125,0.0,15.6512451171875,26767
regex-redux,378.1083984375,93.59930419921875,0.0,15.056396484375,25704
regex-redux,309.5782470703125,91.44940185546875,0.0,11.72235107421875,19706
regex-redux,347.15679931640625,92.20025634765625,0.0,13.57464599609375,23034
regex-redux,373.69549560546875,93.28448486328125,0.0,14.919921875,25333
regex-redux,381.58935546875,91.579345703125,0.0,15.4200439453125,26197
regex-redux,302.832763671875,90.0467529296875,0.0,11.49896240234375,19222
regex-redux,363.174560546875,92.2952880859375,0.0,14.4466552734375,24471
regex-redux,348.31378173828125,92.109130859375,0.0,13.7076416015625,23144
regex-redux,383.0810546875,92.65093994140625,0.0,15.390625,26237
regex-redux,376.758544921875,92.5330810546875,0.0,15.04827880859375,25678
regex-redux,306.55975341796875,89.23907470703125,0.0,11.6796875,19632
regex-redux,376.14776611328125,92.1890869140625,0.0,15.11700439453125,25653
regex-redux,297.1131591796875,88.76214599609375,0.0,11.30047607421875,18820
regex-redux,344.41986083984375,91.03271484375,0.0,13.54388427734375,22889
regex-redux,362.6351318359375,92.07147216796875,0.0,14.398193359375,24444
regex-redux,345.63671875,91.1068115234375,0.0,13.58148193359375,22994
regex-redux,361.321044921875,92.6868896484375,0.0,14.25921630859375,24269
regex-redux,390.19976806640625,93.176513671875,0.0,15.69219970703125,26832
regex-redux,359.91558837890625,91.11566162109375,0.0,14.272705078125,24286
regex-redux,385.04547119140625,93.67919921875,0.0,15.48663330078125,26320
regex-redux,340.36236572265625,91.7061767578125,0.0,13.320556640625,22464
regex-redux,381.67230224609375,94.445068359375,0.0,15.2569580078125,25946
regex-redux,305.881103515625,90.863037109375,0.0,11.6640625,19423
regex-redux,350.98345947265625,92.25030517578125,0.0,13.765869140625,23374
regex-redux,307.92803955078125,90.9031982421875,0.0,11.67022705078125,19606
regex-redux,365.1004638671875,93.17572021484375,0.0,14.43218994140625,24568
regex-redux,308.910400390625,91.55462646484375,0.0,11.68890380859375,19637
regex-redux,330.6904296875,90.9271240234375,0.0,12.89312744140625,21659
regex-redux,297.595458984375,89.41790771484375,0.0,11.2943115234375,18805
regex-redux,319.81085205078125,90.6888427734375,0.0,12.32244873046875,20699
regex-redux,314.01556396484375,90.13177490234375,0.0,12.1080322265625,20224
regex-redux,387.41497802734375,92.88714599609375,0.0,15.5626220703125,26608
reverse-complement,451.2215576171875,75.81072998046875,0.0,19.44561767578125,33914
reverse-complement,449.6502685546875,74.16552734375,0.0,19.4442138671875,33921
reverse-complement,446.8892822265625,71.92730712890625,0.0,19.41851806640625,33874
reverse-complement,445.2811279296875,73.1302490234375,0.0,19.25506591796875,33619
reverse-complement,444.70782470703125,71.3514404296875,0.0,19.3192138671875,33729
reverse-complement,453.4986572265625,72.7611083984375,0.0,19.70111083984375,34395
reverse-complement,444.59246826171875,72.88189697265625,0.0,19.23931884765625,33579
reverse-complement,449.9697265625,74.4520263671875,0.0,19.42437744140625,33924
reverse-complement,448.235107421875,72.85528564453125,0.0,19.41851806640625,33910
reverse-complement,444.90521240234375,72.46771240234375,0.0,19.2763671875,33644
reverse-complement,452.72625732421875,76.80853271484375,0.0,19.44879150390625,33959
reverse-complement,442.4801025390625,76.5994873046875,0.0,18.94219970703125,33052
reverse-complement,446.3441162109375,75.9163818359375,0.0,19.167724609375,33461
reverse-complement,446.97930908203125,73.7799072265625,0.0,19.308349609375,33714
reverse-complement,442.95623779296875,75.1163330078125,0.0,19.046630859375,33230
reverse-complement,442.14752197265625,76.9637451171875,0.0,18.90557861328125,32990
reverse-complement,441.88165283203125,77.01190185546875,0.0,18.88800048828125,32962
reverse-complement,439.70562744140625,74.89117431640625,0.0,18.88519287109375,32955
reverse-complement,446.18121337890625,76.6290283203125,0.0,19.1278076171875,33385
reverse-complement,452.56256103515625,76.3397216796875,0.0,19.46142578125,33985
reverse-complement,445.7828369140625,78.26812744140625,0.0,19.02288818359375,33200
reverse-complement,441.39508056640625,74.63079833984375,0.0,18.9910888671875,33133
reverse-complement,440.84490966796875,75.30084228515625,0.0,18.92669677734375,33023
reverse-complement,438.574462890625,73.6099853515625,0.0,18.88934326171875,32969
reverse-complement,441.55914306640625,73.35101318359375,0.0,19.05438232421875,33263
reverse-complement,445.65142822265625,73.15582275390625,0.0,19.27386474609375,33650
reverse-complement,444.74755859375,74.8472900390625,0.0,19.14703369140625,33416
reverse-complement,442.58697509765625,73.859130859375,0.0,19.08367919921875,33310
reverse-complement,449.34832763671875,74.2530517578125,0.0,19.3994140625,33885
reverse-complement,441.32684326171875,75.359619140625,0.0,18.95245361328125,33061
reverse-complement,446.53558349609375,76.00286865234375,0.0,19.17425537109375,33473
reverse-complement,447.8399658203125,76.31024169921875,0.0,19.22076416015625,33562
reverse-complement,439.7171630859375,72.85699462890625,0.0,18.98876953125,33142
reverse-complement,441.34368896484375,72.6170654296875,0.0,19.0853271484375,33311
reverse-complement,441.040283203125,73.767822265625,0.0,19.0147705078125,33178
reverse-complement,451.20843505859375,75.715576171875,0.0,19.4178466796875,33921
reverse-complement,448.9443359375,73.09375,0.0,19.43804931640625,33955
reverse-complement,448.5338134765625,74.21612548828125,0.0,19.363037109375,33815
reverse-complement,441.2667236328125,71.93389892578125,0.0,19.11309814453125,33365
reverse-complement,442.919189453125,70.18359375,0.0,19.28460693359375,33673
reverse-complement,438.36407470703125,71.13922119140625,0.0,19.00390625,33173
reverse-complement,444.43267822265625,70.91162109375,0.0,19.32379150390625,33744
reverse-complement,439.95623779296875,71.5767822265625,0.0,19.07159423828125,33278
reverse-complement,447.77496337890625,73.615234375,0.0,19.35302734375,33800
spectral-norm,19.770751953125,5.39508056640625,0.0,0.72381591796875,1298
spectral-norm,19.49713134765625,5.38031005859375,0.0,0.7100830078125,1277
spectral-norm,19.64141845703125,5.4119873046875,0.0,0.71600341796875,1287
spectral-norm,19.6463623046875,5.384033203125,0.0,0.717529296875,1289
spectral-norm,19.38623046875,5.34222412109375,0.0,0.7060546875,1268
spectral-norm,19.8004150390625,5.3907470703125,0.0,0.7247314453125,1301
spectral-norm,19.47760009765625,5.35870361328125,0.0,0.7100830078125,1276
spectral-norm,19.38385009765625,5.340576171875,0.0,0.7061767578125,1270
spectral-norm,19.384521484375,5.3427734375,0.0,0.7060546875,1269
spectral-norm,19.3680419921875,5.33795166015625,0.0,0.70538330078125,1268
spectral-norm,19.6038818359375,5.35162353515625,0.0,0.716796875,1288
spectral-norm,19.3992919921875,5.3455810546875,0.0,0.7066650390625,1270
spectral-norm,19.57763671875,5.3568115234375,0.0,0.715087890625,1285
spectral-norm,19.40338134765625,5.35125732421875,0.0,0.7073974609375,1270
spectral-norm,19.39727783203125,5.35699462890625,0.0,0.7060546875,1270
spectral-norm,19.4556884765625,5.34490966796875,0.0,0.70947265625,1275
spectral-norm,19.37884521484375,5.3487548828125,0.0,0.70538330078125,1268
spectral-norm,19.4017333984375,5.3516845703125,0.0,0.70654296875,1271
spectral-norm,19.4312744140625,5.3519287109375,0.0,0.70770263671875,1271
spectral-norm,19.3841552734375,5.3426513671875,0.0,0.7060546875,1269
spectral-norm,19.396484375,5.35455322265625,0.0,0.70611572265625,1270
spectral-norm,19.4837646484375,5.36346435546875,0.0,0.7099609375,1275
spectral-norm,19.55694580078125,5.3701171875,0.0,0.714111328125,1282
spectral-norm,19.3917236328125,5.361572265625,0.0,0.70550537109375,1269
spectral-norm,19.60015869140625,5.39410400390625,0.0,0.71453857421875,1284
spectral-norm,19.37945556640625,5.3465576171875,0.0,0.70556640625,1267
spectral-norm,19.41851806640625,5.36590576171875,0.0,0.70660400390625,1270
spectral-norm,19.39630126953125,5.3641357421875,0.0,0.7054443359375,1268
spectral-norm,19.54150390625,5.3443603515625,0.0,0.71380615234375,1283
spectral-norm,19.4415283203125,5.35455322265625,0.0,0.70849609375,1274
spectral-norm,20.0535888671875,5.457763671875,0.0,0.7357177734375,1319
spectral-norm,19.43450927734375,5.3448486328125,0.0,0.7086181640625,1273
spectral-norm,19.44635009765625,5.3402099609375,0.0,0.70953369140625,1275
spectral-norm,19.382568359375,5.33917236328125,0.0,0.70611572265625,1269
spectral-norm,19.3582763671875,5.33819580078125,0.0,0.70489501953125,1267
spectral-norm,19.3944091796875,5.341064453125,0.0,0.7066650390625,1270
spectral-norm,19.3638916015625,5.33349609375,0.0,0.7054443359375,1268
spectral-norm,19.37353515625,5.3414306640625,0.0,0.7054443359375,1268
spectral-norm,19.47454833984375,5.35400390625,0.0,0.7099609375,1276
spectral-norm,19.3726806640625,5.342041015625,0.0,0.70550537109375,1268
spectral-norm,19.4945068359375,5.350341796875,0.0,0.71124267578125,1278
spectral-norm,19.3782958984375,5.3472900390625,0.0,0.70550537109375,1268
spectral-norm,19.5908203125,5.36846923828125,0.0,0.7149658203125,1285
spectral-norm,19.40814208984375,5.3536376953125,0.0,0.70654296875,1270
