binary-trees,101.28240966796875,21.52435302734375,0.0,9.22943115234375,7082
binary-trees,99.88360595703125,20.971923828125,0.0,9.18438720703125,7005
binary-trees,99.3197021484375,20.67327880859375,0.0,9.1636962890625,6980
binary-trees,99.57806396484375,20.786376953125,0.0,9.169189453125,6994
binary-trees,99.77056884765625,20.844482421875,0.0,9.18634033203125,7006
binary-trees,101.612548828125,21.17626953125,0.0,9.268798828125,7142
binary-trees,99.53668212890625,20.87921142578125,0.0,9.15936279296875,6983
binary-trees,100.9486083984375,21.301513671875,0.0,9.222900390625,7071
binary-trees,101.322021484375,20.93145751953125,0.0,9.2442626953125,7138
binary-trees,103.01312255859375,21.441162109375,0.0,9.31231689453125,7246
binary-trees,100.184814453125,21.0487060546875,0.0,9.1922607421875,7025
binary-trees,99.2371826171875,20.54791259765625,0.0,9.17022705078125,6985
binary-trees,98.1109619140625,19.969970703125,0.0,9.12457275390625,6935
binary-trees,100.5408935546875,20.63531494140625,0.0,9.20477294921875,7096
binary-trees,101.64141845703125,20.81097412109375,0.0,9.26226806640625,7179
binary-trees,101.11968994140625,21.05560302734375,0.0,9.2430419921875,7110
binary-trees,100.0657958984375,20.75250244140625,0.0,9.2293701171875,7041
binary-trees,98.78875732421875,20.5511474609375,0.0,9.12554931640625,6944
binary-trees,104.29376220703125,21.979248046875,0.0,9.3328857421875,7314
binary-trees,98.52630615234375,20.571533203125,0.0,9.10382080078125,6918
binary-trees,102.07958984375,21.6873779296875,0.0,9.284423828125,7139
binary-trees,101.75726318359375,21.3018798828125,0.0,9.25299072265625,7144
binary-trees,103.90576171875,21.7862548828125,0.0,9.32159423828125,7295
binary-trees,103.72052001953125,21.82232666015625,0.0,9.31427001953125,7275
binary-trees,99.09100341796875,20.44110107421875,0.0,9.16558837890625,6981
binary-trees,101.5323486328125,21.15533447265625,0.0,9.2418212890625,7138
binary-trees,99.232177734375,20.55194091796875,0.0,9.15692138671875,6983
binary-trees,101.7032470703125,21.55950927734375,0.0,9.25396728515625,7118
binary-trees,100.15167236328125,21.09564208984375,0.0,9.2010498046875,7018
binary-trees,99.4857177734375,20.8692626953125,0.0,9.162353515625,6977
binary-trees,99.501953125,21.0115966796875,0.0,9.150634765625,6964
binary-trees,99.3580322265625,20.82208251953125,0.0,9.154541015625,6971
binary-trees,99.73492431640625,20.7764892578125,0.0,9.189208984375,7009
binary-trees,99.8702392578125,20.86053466796875,0.0,9.19781494140625,7015
binary-trees,101.30419921875,21.4659423828125,0.0,9.23638916015625,7089
binary-trees,102.2691650390625,21.45025634765625,0.0,9.297119140625,7179
binary-trees,99.51275634765625,20.49371337890625,0.0,9.19854736328125,7014
binary-trees,103.48626708984375,21.07470703125,0.0,9.33709716796875,7321
binary-trees,99.182861328125,20.6885986328125,0.0,9.15509033203125,6967
binary-trees,97.8638916015625,20.025146484375,0.0,9.1031494140625,6908
binary-trees,100.88714599609375,21.083251953125,0.0,9.22808837890625,7086
binary-trees,98.50396728515625,20.45013427734375,0.0,9.12213134765625,6928
binary-trees,100.12371826171875,20.37738037109375,0.0,9.1998291015625,7080
binary-trees,99.53192138671875,20.58734130859375,0.0,9.1883544921875,7009
division-loop,315.20068359375,21.33917236328125,0.0,14.78839111328125,26560
division-loop,315.21197509765625,21.6402587890625,0.0,14.77264404296875,26532
division-loop,314.93438720703125,21.53125,0.0,14.76116943359375,26520
division-loop,315.1015625,21.15545654296875,0.0,14.7908935546875,26567
division-loop,315.6845703125,22.290283203125,0.0,14.76361083984375,26517
division-loop,314.27117919921875,21.25054931640625,0.0,14.74951171875,26486
division-loop,315.08270263671875,21.52130126953125,0.0,14.77001953125,26533
division-loop,314.346923828125,21.1572265625,0.0,14.75445556640625,26504
division-loop,314.79705810546875,21.26580810546875,0.0,14.7705078125,26531
division-loop,315.5390625,21.7012939453125,0.0,14.78729248046875,26558
division-loop,317.203857421875,23.54254150390625,0.0,14.77752685546875,26544
division-loop,316.25262451171875,22.8265380859375,0.0,14.76226806640625,26520
division-loop,316.12872314453125,22.337646484375,0.0,14.7840576171875,26555
division-loop,317.0968017578125,23.1658935546875,0.0,14.78961181640625,26567
division-loop,315.5159912109375,22.26220703125,0.0,14.75958251953125,26506
division-loop,315.0794677734375,21.34619140625,0.0,14.781494140625,26552
division-loop,314.2459716796875,20.95623779296875,0.0,14.7625732421875,26512
division-loop,316.68017578125,22.7581787109375,0.0,14.7894287109375,26567
division-loop,315.16937255859375,21.256103515625,0.0,14.79290771484375,26566
division-loop,315.47637939453125,21.9244384765625,0.0,14.77154541015625,26532
division-loop,315.05487060546875,21.34814453125,0.0,14.77734375,26547
division-loop,314.945068359375,20.96478271484375,0.0,14.7935791015625,26574
division-loop,315.53466796875,21.70556640625,0.0,14.7857666015625,26557
division-loop,314.95947265625,21.4605712890625,0.0,14.7716064453125,26532
division-loop,315.449462890625,21.88836669921875,0.0,14.76861572265625,26530
division-loop,315.67791748046875,22.1998291015625,0.0,14.76947021484375,26530
division-loop,314.9886474609375,21.18389892578125,0.0,14.786376953125,26561
division-loop,315.268310546875,21.8563232421875,0.0,14.76739501953125,26519
division-loop,315.139892578125,21.5689697265625,0.0,14.7716064453125,26536
division-loop,315.886474609375,22.48602294921875,0.0,14.76123046875,26518
division-loop,316.2008056640625,22.90350341796875,0.0,14.76043701171875,26510
division-loop,316.2769775390625,22.46240234375,0.0,14.786376953125,26558
division-loop,314.760986328125,21.1534423828125,0.0,14.7733154296875,26536
division-loop,314.88861083984375,21.07586669921875,0.0,14.78460693359375,26560
division-loop,315.490478515625,21.78802490234375,0.0,14.78045654296875,26548
division-loop,314.5675048828125,20.82763671875,0.0,14.7786865234375,26549
division-loop,314.51513671875,20.9404296875,0.0,14.77508544921875,26534
division-loop,314.28021240234375,20.74078369140625,0.0,14.7716064453125,26536
division-loop,315.13055419921875,21.69329833984375,0.0,14.76416015625,26521
division-loop,315.082275390625,21.10955810546875,0.0,14.79156494140625,26571
division-loop,314.70831298828125,21.09857177734375,0.0,14.77630615234375,26538
division-loop,314.20501708984375,20.5660400390625,0.0,14.7755126953125,26538
division-loop,315.59228515625,21.8529052734375,0.0,14.77972412109375,26551
division-loop,315.37188720703125,21.76458740234375,0.0,14.77325439453125,26537
fannkuch-redux,533.6782836914062,110.67156982421875,0.0,21.27374267578125,38223
fannkuch-redux,505.05584716796875,104.356201171875,0.0,20.1536865234375,36207
fannkuch-redux,530.0745849609375,109.913330078125,0.0,21.1278076171875,37965
fannkuch-redux,524.95751953125,108.656982421875,0.0,20.936279296875,37617
fannkuch-redux,507.7625732421875,104.96478271484375,0.0,20.25946044921875,36396
fannkuch-redux,530.1944580078125,109.70806884765625,0.0,21.1434326171875,37994
fannkuch-redux,502.0528564453125,103.6517333984375,0.0,20.03692626953125,36001
fannkuch-redux,557.746337890625,115.23516845703125,0.0,22.256103515625,39986
fannkuch-redux,516.3989868164062,107.24237060546875,0.0,20.57525634765625,36970
fannkuch-redux,503.07763671875,104.30096435546875,0.0,20.0537109375,36034
fannkuch-redux,504.099365234375,104.22637939453125,0.0,20.11279296875,36133
fannkuch-redux,531.4779663085938,109.7322998046875,0.0,21.2098388671875,38109
fannkuch-redux,504.18505859375,104.17840576171875,0.0,20.11566162109375,36144
fannkuch-redux,510.17950439453125,105.2305908203125,0.0,20.36566162109375,36591
fannkuch-redux,508.5625,104.65521240234375,0.0,20.31427001953125,36496
fannkuch-redux,507.45361328125,104.45172119140625,0.0,20.26593017578125,36416
fannkuch-redux,530.432861328125,109.576171875,0.0,21.16357421875,38028
fannkuch-redux,533.4738159179688,109.6463623046875,0.0,21.31695556640625,38297
fannkuch-redux,501.79632568359375,103.86810302734375,0.0,20.0098876953125,35957
fannkuch-redux,508.54132080078125,104.99993896484375,0.0,20.29443359375,36464
fannkuch-redux,533.959716796875,110.4486083984375,0.0,21.29962158203125,38268
fannkuch-redux,530.9459228515625,110.12054443359375,0.0,21.16046142578125,38025
fannkuch-redux,507.0718994140625,104.902587890625,0.0,20.22576904296875,36340
fannkuch-redux,516.5328369140625,106.82135009765625,0.0,20.6072998046875,37021
fannkuch-redux,527.5892333984375,109.39825439453125,0.0,21.0299072265625,37788
fannkuch-redux,524.4429321289062,110.225341796875,0.0,20.830322265625,37429
fannkuch-redux,534.7813110351562,112.48779296875,0.0,21.23980712890625,38159
fannkuch-redux,505.7440185546875,105.840087890625,0.0,20.11041259765625,36135
fannkuch-redux,531.2978515625,110.17169189453125,0.0,21.17718505859375,38053
fannkuch-redux,507.76715087890625,104.96942138671875,0.0,20.25836181640625,36397
fannkuch-redux,503.9559326171875,104.3759765625,0.0,20.0958251953125,36106
fannkuch-redux,542.5521240234375,111.85205078125,0.0,21.658447265625,38917
fannkuch-redux,516.4700317382812,106.87750244140625,0.0,20.6002197265625,37010
fannkuch-redux,531.7276611328125,109.65972900390625,0.0,21.22491455078125,38138
fannkuch-redux,508.74432373046875,105.24322509765625,0.0,20.29144287109375,36460
fannkuch-redux,504.89398193359375,103.87176513671875,0.0,20.166748046875,36235
fannkuch-redux,507.28326416015625,104.705322265625,0.0,20.24786376953125,36375
fannkuch-redux,531.9984741210938,109.73162841796875,0.0,21.23382568359375,38156
fannkuch-redux,508.38165283203125,105.824462890625,0.0,20.24371337890625,36374
fannkuch-redux,505.79046630859375,104.8006591796875,0.0,20.16925048828125,36233
fannkuch-redux,538.94384765625,111.0582275390625,0.0,21.51678466796875,38664
fannkuch-redux,515.7046508789062,106.5968017578125,0.0,20.572998046875,36965
fannkuch-redux,529.9440307617188,109.59173583984375,0.0,21.1431884765625,37983
fannkuch-redux,529.674072265625,109.81024169921875,0.0,21.11419677734375,37940
fasta,684.3356323242188,153.85296630859375,0.0,28.02813720703125,47928
fasta,686.768798828125,155.54156494140625,0.0,28.03668212890625,47996
fasta,684.8264770507812,155.11456298828125,0.0,27.8995361328125,47861
fasta,682.407958984375,153.4903564453125,0.0,27.99957275390625,47786
fasta,681.7249145507812,153.0382080078125,0.0,27.98956298828125,47766
fasta,684.5016479492188,154.072021484375,0.0,28.059326171875,47923
fasta,688.9961547851562,157.74578857421875,0.0,28.07080078125,47998
fasta,682.8728637695312,154.42608642578125,0.0,27.9154052734375,47745
fasta,685.3109741210938,155.0965576171875,0.0,28.01361083984375,47903
fasta,685.7510986328125,153.022705078125,0.0,28.1591796875,48131
fasta,683.159423828125,152.01171875,0.0,28.12908935546875,47987
fasta,685.2659912109375,153.7447509765625,0.0,28.0447998046875,48022
fasta,682.9204711914062,153.42449951171875,0.0,27.96124267578125,47839
fasta,682.9891357421875,152.1416015625,0.0,28.11956787109375,47962
fasta,685.1156005859375,155.4954833984375,0.0,27.98046875,47850
fasta,687.7800903320312,158.09515380859375,0.0,27.96673583984375,47858
fasta,683.5486450195312,153.43182373046875,0.0,28.04083251953125,47896
fasta,681.7064208984375,151.74700927734375,0.0,27.97711181640625,47881
fasta,688.3973388671875,154.20416259765625,0.0,28.32464599609375,48264
fasta,688.6116943359375,154.91796875,0.0,28.1995849609375,48220
fasta,685.8439331054688,154.19049072265625,0.0,28.0906982421875,48033
fasta,684.8656005859375,154.21490478515625,0.0,28.01068115234375,47942
fasta,687.8529663085938,154.77374267578125,0.0,28.0787353515625,48163
fasta,686.5775146484375,155.862548828125,0.0,28.1456298828125,47950
fasta,687.0018310546875,154.43060302734375,0.0,28.165283203125,48117
fasta,685.5994873046875,152.57611083984375,0.0,28.15728759765625,48159
fasta,685.1906127929688,153.65802001953125,0.0,28.08489990234375,48024
fasta,688.7523803710938,156.0736083984375,0.0,28.1627197265625,48126
fasta,684.560546875,154.0673828125,0.0,28.039306640625,47929
fasta,682.7796020507812,152.00299072265625,0.0,27.96917724609375,47954
fasta,699.7250366210938,153.37127685546875,0.0,28.88433837890625,49363
fasta,684.7706909179688,150.8916015625,0.0,28.17547607421875,48235
fasta,686.6744995117188,155.025634765625,0.0,28.016357421875,48034
fasta,685.2169189453125,154.91705322265625,0.0,28.05303955078125,47912
fasta,687.021728515625,154.857666015625,0.0,28.1317138671875,48081
fasta,682.3717651367188,151.97772216796875,0.0,27.95635986328125,47921
fasta,683.7011108398438,152.25457763671875,0.0,28.17559814453125,48016
fasta,685.8541259765625,153.612060546875,0.0,28.139892578125,48086
fasta,687.5971069335938,153.6942138671875,0.0,28.21405029296875,48238
fasta,687.4148559570312,152.2371826171875,0.0,28.18170166015625,48354
fasta,683.8719482421875,151.87164306640625,0.0,28.1102294921875,48065
fasta,684.736083984375,151.5150146484375,0.0,28.13671875,48176
fasta,682.4575805664062,151.12823486328125,0.0,28.09283447265625,48005
fasta,686.7420043945312,154.02239990234375,0.0,28.2532958984375,48130
k-nucleotide,180.154052734375,36.8433837890625,0.0,8.7930908203125,12952
k-nucleotide,182.17279052734375,37.189208984375,0.0,8.8956298828125,13103
k-nucleotide,181.9769287109375,37.5006103515625,0.0,8.83013916015625,13057
k-nucleotide,179.66693115234375,36.7227783203125,0.0,8.772705078125,12920
k-nucleotide,189.4786376953125,40.04046630859375,0.0,9.12933349609375,13506
k-nucleotide,187.52728271484375,38.51348876953125,0.0,9.10137939453125,13468
k-nucleotide,188.4188232421875,40.6331787109375,0.0,9.04498291015625,13357
k-nucleotide,182.0380859375,37.1890869140625,0.0,8.87542724609375,13092
k-nucleotide,187.2581787109375,38.8931884765625,0.0,9.08154296875,13409
k-nucleotide,188.64581298828125,39.673583984375,0.0,9.12115478515625,13464
k-nucleotide,189.34320068359375,38.9927978515625,0.0,9.09429931640625,13589
k-nucleotide,182.25543212890625,38.61004638671875,0.0,8.73248291015625,12982
k-nucleotide,189.56817626953125,39.59442138671875,0.0,9.15826416015625,13554
k-nucleotide,184.9256591796875,38.41864013671875,0.0,8.96630859375,13240
k-nucleotide,186.27520751953125,38.23956298828125,0.0,9.06396484375,13380
k-nucleotide,187.7703857421875,40.01727294921875,0.0,9.04058837890625,13353
k-nucleotide,191.441162109375,42.06024169921875,0.0,9.12933349609375,13500
k-nucleotide,182.6552734375,37.6171875,0.0,8.73077392578125,13109
k-nucleotide,186.6392822265625,38.85882568359375,0.0,9.033203125,13356
k-nucleotide,183.72003173828125,37.8062744140625,0.0,8.8834228515625,13188
k-nucleotide,189.03509521484375,39.27093505859375,0.0,9.14306640625,13535
k-nucleotide,184.88800048828125,37.99127197265625,0.0,8.92950439453125,13275
k-nucleotide,181.41522216796875,37.9478759765625,0.0,8.73321533203125,12965
k-nucleotide,188.88311767578125,40.7738037109375,0.0,8.9830322265625,13385
k-nucleotide,189.4122314453125,39.1754150390625,0.0,9.05889892578125,13579
k-nucleotide,185.7496337890625,38.4432373046875,0.0,8.97015380859375,13314
k-nucleotide,185.67803955078125,38.70233154296875,0.0,8.9478759765625,13283
k-nucleotide,190.00689697265625,40.83050537109375,0.0,9.1107177734375,13482
k-nucleotide,181.9036865234375,37.31390380859375,0.0,8.86431884765625,13068
k-nucleotide,185.42559814453125,38.144287109375,0.0,9.02545166015625,13311
k-nucleotide,190.0611572265625,39.4715576171875,0.0,9.176025390625,13610
k-nucleotide,183.38214111328125,37.42364501953125,0.0,8.88861083984375,13191
k-nucleotide,188.44073486328125,38.56298828125,0.0,9.14801025390625,13545
k-nucleotide,184.68798828125,37.99725341796875,0.0,8.9627685546875,13258
k-nucleotide,187.41448974609375,38.7763671875,0.0,9.0521240234375,13433
k-nucleotide,185.89215087890625,38.04888916015625,0.0,9.017822265625,13361
k-nucleotide,184.54278564453125,37.8927001953125,0.0,8.876953125,13253
k-nucleotide,181.19952392578125,37.46099853515625,0.0,8.7984619140625,12991
k-nucleotide,188.15728759765625,40.2489013671875,0.0,9.04827880859375,13367
k-nucleotide,188.38348388671875,40.46087646484375,0.0,9.0426025390625,13368
k-nucleotide,186.586669921875,39.55816650390625,0.0,8.86785888671875,13288
k-nucleotide,185.37506103515625,37.97381591796875,0.0,9.01092529296875,13323
k-nucleotide,183.44403076171875,37.61114501953125,0.0,8.95233154296875,13180
k-nucleotide,177.8270263671875,36.446044921875,0.0,8.576416015625,12777
mandelbrot,192.1439208984375,36.51885986328125,0.0,7.89422607421875,14062
mandelbrot,191.6556396484375,35.77691650390625,0.0,7.86083984375,14085
mandelbrot,194.68359375,35.8095703125,0.0,8.09375,14355
mandelbrot,195.17926025390625,37.54351806640625,0.0,7.9495849609375,14245
mandelbrot,190.842041015625,34.94158935546875,0.0,7.9522705078125,14088
mandelbrot,190.66827392578125,35.22418212890625,0.0,7.84942626953125,14047
mandelbrot,192.18389892578125,36.10772705078125,0.0,7.87738037109375,14103
mandelbrot,193.26263427734375,37.72137451171875,0.0,7.842529296875,14056
mandelbrot,194.04498291015625,38.16180419921875,0.0,7.9345703125,14085
mandelbrot,196.11865234375,39.090087890625,0.0,7.91644287109375,14188
mandelbrot,197.15753173828125,38.05120849609375,0.0,8.1129150390625,14376
mandelbrot,192.163818359375,36.2767333984375,0.0,7.86083984375,14086
mandelbrot,192.10784912109375,36.37896728515625,0.0,7.9423828125,14072
mandelbrot,194.28961181640625,37.33770751953125,0.0,7.9154052734375,14182
mandelbrot,192.7017822265625,37.34912109375,0.0,7.92315673828125,14037
mandelbrot,195.61260986328125,38.61474609375,0.0,7.916015625,14186
mandelbrot,192.54656982421875,35.709228515625,0.0,8.00006103515625,14172
mandelbrot,191.6278076171875,35.9892578125,0.0,7.8486328125,14062
mandelbrot,196.9814453125,37.42852783203125,0.0,8.1334228515625,14417
mandelbrot,193.13201904296875,37.93927001953125,0.0,7.82794189453125,14022
mandelbrot,198.0677490234375,38.81982421875,0.0,8.11798095703125,14390
mandelbrot,194.1204833984375,38.05316162109375,0.0,7.86865234375,14102
mandelbrot,193.774658203125,38.1141357421875,0.0,7.9383544921875,14065
mandelbrot,191.73797607421875,36.3472900390625,0.0,7.83612060546875,14042
mandelbrot,192.13720703125,36.84210205078125,0.0,7.9222412109375,14032
mandelbrot,193.44866943359375,38.090576171875,0.0,7.83404541015625,14039
mandelbrot,197.3873291015625,38.86309814453125,0.0,8.085693359375,14325
mandelbrot,193.4931640625,37.91436767578125,0.0,7.84619140625,14059
mandelbrot,197.154296875,37.5628662109375,0.0,8.1385498046875,14421
mandelbrot,196.4124755859375,39.247314453125,0.0,7.9263916015625,14201
mandelbrot,191.7158203125,36.46209716796875,0.0,7.91943359375,14029
mandelbrot,198.6485595703125,39.5445556640625,0.0,8.0228271484375,14376
mandelbrot,191.991455078125,36.606689453125,0.0,7.9315185546875,14040
mandelbrot,192.2503662109375,36.7147216796875,0.0,7.8416748046875,14053
mandelbrot,192.76361083984375,36.83184814453125,0.0,7.95318603515625,14089
mandelbrot,193.52642822265625,38.14276123046875,0.0,7.8343505859375,14040
mandelbrot,192.611572265625,37.7265625,0.0,7.89990234375,13996
mandelbrot,193.45587158203125,37.54388427734375,0.0,7.86309814453125,14088
mandelbrot,194.11016845703125,38.7784423828125,0.0,7.919677734375,14035
mandelbrot,193.16656494140625,37.44049072265625,0.0,7.8563232421875,14071
mandelbrot,192.55059814453125,37.12640380859375,0.0,7.9267578125,14045
mandelbrot,192.0626220703125,36.4473876953125,0.0,7.84613037109375,14060
mandelbrot,198.70770263671875,39.74798583984375,0.0,8.10205078125,14364
mandelbrot,193.06121826171875,37.8594970703125,0.0,7.82537841796875,14024
matrix-multiplication,5.04736328125,0.7423095703125,0.0,0.23028564453125,390
matrix-multiplication,5.0794677734375,0.73980712890625,0.0,0.23388671875,392
matrix-multiplication,5.08367919921875,0.76788330078125,0.0,0.23223876953125,391
matrix-multiplication,5.101806640625,0.78387451171875,0.0,0.2318115234375,390
matrix-multiplication,5.2392578125,0.81060791015625,0.0,0.23748779296875,399
matrix-multiplication,5.04144287109375,0.74761962890625,0.0,0.23101806640625,388
matrix-multiplication,5.2547607421875,0.80328369140625,0.0,0.23919677734375,401
matrix-multiplication,5.111328125,0.78509521484375,0.0,0.23193359375,392
matrix-multiplication,5.10504150390625,0.7540283203125,0.0,0.23406982421875,393
matrix-multiplication,5.11431884765625,0.77685546875,0.0,0.2347412109375,393
matrix-multiplication,5.486083984375,0.7938232421875,0.0,0.25128173828125,425
matrix-multiplication,5.0689697265625,0.773681640625,0.0,0.230224609375,388
matrix-multiplication,5.096923828125,0.7686767578125,0.0,0.232177734375,391
matrix-multiplication,5.1453857421875,0.75042724609375,0.0,0.2353515625,397
matrix-multiplication,5.109130859375,0.7476806640625,0.0,0.2337646484375,394
matrix-multiplication,5.06689453125,0.73736572265625,0.0,0.2322998046875,390
matrix-multiplication,5.1632080078125,0.77972412109375,0.0,0.23504638671875,396
matrix-multiplication,5.14520263671875,0.77154541015625,0.0,0.2342529296875,395
matrix-multiplication,5.71185302734375,0.8310546875,0.0,0.25946044921875,442
matrix-multiplication,5.087646484375,0.73773193359375,0.0,0.2332763671875,393
matrix-multiplication,5.11785888671875,0.7679443359375,0.0,0.23382568359375,393
matrix-multiplication,5.22271728515625,0.770751953125,0.0,0.23834228515625,401
matrix-multiplication,5.03948974609375,0.7216796875,0.0,0.23138427734375,391
matrix-multiplication,5.1197509765625,0.746826171875,0.0,0.2344970703125,395
matrix-multiplication,5.1337890625,0.73919677734375,0.0,0.23565673828125,397
matrix-multiplication,5.09552001953125,0.74554443359375,0.0,0.23333740234375,393
matrix-multiplication,5.7889404296875,0.85369873046875,0.0,0.2626953125,446
matrix-multiplication,5.1053466796875,0.72198486328125,0.0,0.2353515625,397
matrix-multiplication,5.28662109375,0.7933349609375,0.0,0.24078369140625,406
matrix-multiplication,5.17529296875,0.760009765625,0.0,0.23663330078125,400
matrix-multiplication,5.2503662109375,0.84600830078125,0.0,0.23565673828125,399
matrix-multiplication,5.09661865234375,0.7694091796875,0.0,0.2320556640625,391
matrix-multiplication,5.31085205078125,0.81683349609375,0.0,0.2396240234375,407
matrix-multiplication,5.145751953125,0.79486083984375,0.0,0.233154296875,393
matrix-multiplication,5.10919189453125,0.802734375,0.0,0.23114013671875,389
matrix-multiplication,5.2464599609375,0.7847900390625,0.0,0.2388916015625,403
matrix-multiplication,5.2445068359375,0.83984375,0.0,0.23590087890625,399
matrix-multiplication,5.13604736328125,0.79766845703125,0.0,0.23223876953125,392
matrix-multiplication,5.06573486328125,0.749267578125,0.0,0.23162841796875,391
matrix-multiplication,5.147216796875,0.80694580078125,0.0,0.23272705078125,392
matrix-multiplication,5.9700927734375,0.887451171875,0.0,0.269287109375,459
matrix-multiplication,5.2427978515625,0.815673828125,0.0,0.237060546875,400
matrix-multiplication,5.1177978515625,0.7235107421875,0.0,0.23529052734375,397
matrix-multiplication,5.105712890625,0.7342529296875,0.0,0.23455810546875,395
n-body,246.54937744140625,17.31805419921875,0.0,11.5341796875,20722
n-body,248.87115478515625,19.25677490234375,0.0,11.5516357421875,20752
n-body,251.37762451171875,21.40277099609375,0.0,11.5682373046875,20782
n-body,248.48211669921875,18.24017333984375,0.0,11.5859375,20807
n-body,247.55169677734375,17.40185546875,0.0,11.58026123046875,20802
n-body,247.22802734375,16.8101806640625,0.0,11.59161376953125,20825
n-body,250.16607666015625,19.8260498046875,0.0,11.58758544921875,20818
n-body,248.0665283203125,20.8013916015625,0.0,11.4320068359375,20540
n-body,250.87713623046875,20.6669921875,0.0,11.58160400390625,20804
n-body,250.83770751953125,20.8046875,0.0,11.575439453125,20788
n-body,247.3267822265625,20.10589599609375,0.0,11.4300537109375,20536
n-body,250.6239013671875,20.4368896484375,0.0,11.577392578125,20799
n-body,249.67095947265625,21.5704345703125,0.0,11.4757080078125,20615
n-body,249.920654296875,19.59820556640625,0.0,11.5867919921875,20814
n-body,248.19866943359375,20.7149658203125,0.0,11.444091796875,20560
n-body,252.13653564453125,21.7432861328125,0.0,11.589599609375,20820
n-body,252.7047119140625,22.3089599609375,0.0,11.58868408203125,20820
n-body,249.900146484375,21.72698974609375,0.0,11.47784423828125,20623
n-body,252.0596923828125,21.8192138671875,0.0,11.58233642578125,20806
n-body,250.13763427734375,19.8270263671875,0.0,11.5870361328125,20816
n-body,250.3460693359375,21.2894287109375,0.0,11.52777099609375,20703
n-body,248.89031982421875,20.27996826171875,0.0,11.50091552734375,20662
n-body,250.10272216796875,20.16387939453125,0.0,11.56646728515625,20779
n-body,249.06268310546875,19.7464599609375,0.0,11.5404052734375,20726
n-body,249.0579833984375,19.099609375,0.0,11.5687255859375,20783
n-body,248.67608642578125,18.6820068359375,0.0,11.5697021484375,20785
n-body,246.32421875,17.3944091796875,0.0,11.52447509765625,20695
n-body,247.2921142578125,17.70306396484375,0.0,11.5528564453125,20754
n-body,247.51361083984375,17.38580322265625,0.0,11.57843017578125,20803
n-body,246.39141845703125,17.5013427734375,0.0,11.516357421875,20689
n-body,248.70538330078125,18.87713623046875,0.0,11.56170654296875,20772
n-body,251.245849609375,20.91064453125,0.0,11.59002685546875,20817
n-body,251.5391845703125,21.2784423828125,0.0,11.5836181640625,20811
n-body,250.755859375,20.57818603515625,0.0,11.5791015625,20802
n-body,248.1016845703125,18.35589599609375,0.0,11.55657958984375,20762
n-body,250.38885498046875,19.96624755859375,0.0,11.59442138671875,20828
n-body,247.078857421875,19.3489990234375,0.0,11.4583740234375,20582
n-body,248.606689453125,19.65740966796875,0.0,11.52374267578125,20694
n-body,249.51861572265625,20.45159912109375,0.0,11.5238037109375,20705
n-body,249.781005859375,20.22760009765625,0.0,11.546875,20746
n-body,252.59783935546875,22.13311767578125,0.0,11.59320068359375,20827
n-body,251.51348876953125,21.116943359375,0.0,11.58941650390625,20820
n-body,249.5633544921875,19.46136474609375,0.0,11.575927734375,20796
n-body,249.52978515625,19.86383056640625,0.0,11.55792236328125,20759
polynomial-evaluation,3.97174072265625,0.98309326171875,0.0,0.16217041015625,269
polynomial-evaluation,3.95172119140625,0.9854736328125,0.0,0.16131591796875,268
polynomial-evaluation,4.00030517578125,0.98785400390625,0.0,0.16326904296875,271
polynomial-evaluation,3.9324951171875,0.9876708984375,0.0,0.16033935546875,265
polynomial-evaluation,3.81231689453125,0.95843505859375,0.0,0.15521240234375,258
polynomial-evaluation,3.82379150390625,0.969482421875,0.0,0.15557861328125,258
polynomial-evaluation,3.88720703125,0.98681640625,0.0,0.1578369140625,262
polynomial-evaluation,3.7548828125,0.9688720703125,0.0,0.152099609375,252
polynomial-evaluation,3.97967529296875,0.9925537109375,0.0,0.162353515625,270
polynomial-evaluation,3.91058349609375,0.9757080078125,0.0,0.1595458984375,265
polynomial-evaluation,3.80072021484375,0.970458984375,0.0,0.15557861328125,256
polynomial-evaluation,3.86126708984375,0.98468017578125,0.0,0.1566162109375,260
polynomial-evaluation,3.80413818359375,0.97161865234375,0.0,0.15411376953125,256
polynomial-evaluation,3.86517333984375,0.9638671875,0.0,0.1572265625,262
polynomial-evaluation,3.9765625,0.99029541015625,0.0,0.16229248046875,271
polynomial-evaluation,3.8302001953125,0.98419189453125,0.0,0.15533447265625,256
polynomial-evaluation,3.94512939453125,1.0040283203125,0.0,0.1600341796875,267
polynomial-evaluation,3.801513671875,0.965576171875,0.0,0.15435791015625,255
polynomial-evaluation,3.78656005859375,0.9775390625,0.0,0.15283203125,254
polynomial-evaluation,3.85638427734375,0.979736328125,0.0,0.1561279296875,260
polynomial-evaluation,3.9488525390625,0.993896484375,0.0,0.1602783203125,267
polynomial-evaluation,3.85235595703125,0.9754638671875,0.0,0.1563720703125,260
polynomial-evaluation,3.862060546875,0.9864501953125,0.0,0.15679931640625,260
polynomial-evaluation,3.897705078125,0.96771240234375,0.0,0.1595458984375,265
polynomial-evaluation,3.62005615234375,0.93341064453125,0.0,0.14697265625,243
polynomial-evaluation,3.88482666015625,0.974365234375,0.0,0.1585693359375,263
polynomial-evaluation,3.84344482421875,0.98583984375,0.0,0.155029296875,258
polynomial-evaluation,3.80340576171875,0.984130859375,0.0,0.15399169921875,256
polynomial-evaluation,3.7078857421875,0.95440673828125,0.0,0.15093994140625,250
polynomial-evaluation,3.8643798828125,0.9786376953125,0.0,0.1571044921875,261
polynomial-evaluation,3.99725341796875,0.98944091796875,0.0,0.16326904296875,272
polynomial-evaluation,3.8077392578125,0.97344970703125,0.0,0.154296875,255
polynomial-evaluation,3.90478515625,0.99462890625,0.0,0.15826416015625,263
polynomial-evaluation,3.922607421875,0.98114013671875,0.0,0.159912109375,266
polynomial-evaluation,4.03631591796875,0.99365234375,0.0,0.1651611328125,276
polynomial-evaluation,3.87481689453125,0.9766845703125,0.0,0.15777587890625,262
polynomial-evaluation,3.80841064453125,0.98590087890625,0.0,0.15362548828125,255
polynomial-evaluation,4.093505859375,1.017578125,0.0,0.1663818359375,279
polynomial-evaluation,3.710693359375,0.95513916015625,0.0,0.1497802734375,249
polynomial-evaluation,3.9215087890625,0.9881591796875,0.0,0.16009521484375,265
polynomial-evaluation,3.90802001953125,0.987060546875,0.0,0.15850830078125,264
polynomial-evaluation,3.680908203125,0.94732666015625,0.0,0.14874267578125,247
polynomial-evaluation,3.7669677734375,0.966064453125,0.0,0.15277099609375,253
polynomial-evaluation,3.9388427734375,1.018310546875,0.0,0.15875244140625,264
regex-redux,242.00958251953125,47.02301025390625,0.0,10.798583984375,17606
regex-redux,233.99462890625,44.54364013671875,0.0,10.5233154296875,17107
regex-redux,238.6700439453125,45.3365478515625,0.0,10.7305908203125,17455
regex-redux,241.26434326171875,45.575927734375,0.0,10.83465576171875,17671
regex-redux,239.2244873046875,45.91131591796875,0.0,10.7222900390625,17454
regex-redux,242.0386962890625,45.84326171875,0.0,10.8648681640625,17715
regex-redux,242.41546630859375,46.8497314453125,0.0,10.84375,17658
regex-redux,243.0906982421875,47.5662841796875,0.0,10.84033203125,17654
regex-redux,240.8624267578125,47.521728515625,0.0,10.7293701171875,17458
regex-redux,243.53790283203125,47.7999267578125,0.0,10.84027099609375,17674
regex-redux,244.69921875,47.59539794921875,0.0,10.90020751953125,17799
regex-redux,243.00933837890625,46.451171875,0.0,10.8719482421875,17748
regex-redux,240.65435791015625,45.20458984375,0.0,10.82269287109375,17648
regex-redux,242.17645263671875,46.4501953125,0.0,10.83587646484375,17673
regex-redux,246.99761962890625,46.16162109375,0.0,11.099609375,18134
regex-redux,238.31585693359375,44.45245361328125,0.0,10.7471923828125,17506
regex-redux,238.3408203125,44.6729736328125,0.0,10.7406005859375,17487
regex-redux,231.82000732421875,44.1204833984375,0.0,10.4508056640625,16947
regex-redux,236.601806640625,44.32073974609375,0.0,10.67999267578125,17360
regex-redux,239.07940673828125,44.7825927734375,0.0,10.7662353515625,17544
regex-redux,238.9097900390625,45.5501708984375,0.0,10.71575927734375,17459
regex-redux,242.0579833984375,46.27178955078125,0.0,10.8465576171875,17678
regex-redux,241.4317626953125,46.83221435546875,0.0,10.78466796875,17571
regex-redux,247.38299560546875,46.29876708984375,0.0,11.12493896484375,18158
regex-redux,238.5693359375,44.76214599609375,0.0,10.740966796875,17501
regex-redux,239.397705078125,45.53070068359375,0.0,10.7493896484375,17505
regex-redux,241.34283447265625,45.32830810546875,0.0,10.84674072265625,17699
regex-redux,241.05926513671875,45.34808349609375,0.0,10.84271240234375,17671
regex-redux,237.5914306640625,45.48150634765625,0.0,10.67694091796875,17346
regex-redux,237.98602294921875,45.26873779296875,0.0,10.677734375,17402
regex-redux,242.67156982421875,46.3822021484375,0.0,10.86773681640625,17723
regex-redux,238.21380615234375,45.92987060546875,0.0,10.6612548828125,17361
regex-redux,239.1796875,46.03533935546875,0.0,10.70306396484375,17439
regex-redux,240.32958984375,44.44293212890625,0.0,10.8663330078125,17687
regex-redux,238.53436279296875,44.632568359375,0.0,10.75628662109375,17508
regex-redux,239.89886474609375,45.19232177734375,0.0,10.8021240234375,17580
regex-redux,239.14984130859375,44.9951171875,0.0,10.76361083984375,17531
regex-redux,247.6729736328125,45.69903564453125,0.0,11.1546630859375,18238
regex-redux,243.19598388671875,45.3486328125,0.0,10.934814453125,17863
regex-redux,238.7021484375,43.97869873046875,0.0,10.80816650390625,17582
regex-redux,241.62530517578125,44.75262451171875,0.0,10.9005126953125,17776
regex-redux,239.49932861328125,45.538818359375,0.0,10.74249267578125,17513
regex-redux,237.7760009765625,44.35198974609375,0.0,10.72418212890625,17463
regex-redux,241.69403076171875,45.2440185546875,0.0,10.88690185546875,17737
reverse-complement,688.2576293945312,151.10498046875,0.0,28.38641357421875,48525
reverse-complement,688.4224853515625,151.822509765625,0.0,28.3150634765625,48475
reverse-complement,687.0955200195312,152.32733154296875,0.0,28.3092041015625,48309
reverse-complement,689.0972290039062,152.9306640625,0.0,28.38775634765625,48434
reverse-complement,683.6204833984375,150.46142578125,0.0,28.16455078125,48163
reverse-complement,688.1871948242188,151.30078125,0.0,28.38726806640625,48499
reverse-complement,687.0740966796875,150.484375,0.0,28.3431396484375,48474
reverse-complement,688.6165161132812,151.99871826171875,0.0,28.30926513671875,48476
reverse-complement,689.8699951171875,151.4365234375,0.0,28.44549560546875,48640
reverse-complement,688.932861328125,151.30938720703125,0.0,28.3792724609375,48568
reverse-complement,685.21630859375,149.52789306640625,0.0,28.36212158203125,48391
reverse-complement,685.9874267578125,148.048583984375,0.0,28.391357421875,48596
reverse-complement,684.0756225585938,148.859375,0.0,28.30108642578125,48349
reverse-complement,685.8948974609375,150.6165771484375,0.0,28.283203125,48356
reverse-complement,684.21875,149.16619873046875,0.0,28.26263427734375,48334
reverse-complement,682.6517333984375,148.4129638671875,0.0,28.25482177734375,48261
reverse-complement,686.6617431640625,151.038818359375,0.0,28.3062744140625,48386
reverse-complement,691.969970703125,154.0875244140625,0.0,28.39910888671875,48592
reverse-complement,690.3892211914062,153.33380126953125,0.0,28.35064697265625,48516
reverse-complement,720.4075927734375,173.54022216796875,0.0,32.892822265625,49398
reverse-complement,728.1251220703125,176.07513427734375,0.0,33.79254150390625,49868
reverse-complement,690.1690673828125,153.728271484375,0.0,28.3636474609375,48459
reverse-complement,688.83154296875,153.43450927734375,0.0,28.37890625,48364
reverse-complement,684.609619140625,150.209228515625,0.0,28.25225830078125,48275
reverse-complement,681.8235473632812,149.36212158203125,0.0,28.10968017578125,48100
reverse-complement,692.4066772460938,153.00604248046875,0.0,28.58746337890625,48728
reverse-complement,703.9814453125,157.125,0.0,29.0797119140625,49400
reverse-complement,706.82421875,160.2335205078125,0.0,28.982421875,49378
reverse-complement,706.1168212890625,159.1302490234375,0.0,29.01885986328125,49411
reverse-complement,704.9601440429688,159.28497314453125,0.0,29.01605224609375,49294
reverse-complement,701.7885131835938,158.15087890625,0.0,28.8175048828125,49110
reverse-complement,703.83349609375,158.86370849609375,0.0,28.86724853515625,49230
reverse-complement,704.7218627929688,159.65704345703125,0.0,29.01788330078125,49238
reverse-complement,704.9816284179688,159.07720947265625,0.0,28.989501953125,49313
reverse-complement,701.3870849609375,159.121826171875,0.0,28.74652099609375,48987
reverse-complement,707.0824584960938,160.1591796875,0.0,29.02777099609375,49406
reverse-complement,702.7133178710938,157.42279052734375,0.0,28.97283935546875,49259
reverse-complement,703.6314086914062,159.89227294921875,0.0,28.853515625,49119
reverse-complement,705.3021240234375,158.3470458984375,0.0,29.01751708984375,49409
reverse-complement,702.4373779296875,157.6390380859375,0.0,28.88482666015625,49215
reverse-complement,703.7666015625,158.35333251953125,0.0,28.98040771484375,49269
reverse-complement,701.512451171875,158.26971435546875,0.0,28.84149169921875,49073
reverse-complement,701.629638671875,159.70672607421875,0.0,28.69415283203125,48955
reverse-complement,705.9248657226562,160.69903564453125,0.0,28.9619140625,49253
spectral-norm,88.6552734375,13.2669677734375,0.0,3.795654296875,6812
spectral-norm,89.85943603515625,14.1795654296875,0.0,3.808837890625,6838
spectral-norm,89.50628662109375,13.61236572265625,0.0,3.820556640625,6858
spectral-norm,89.6934814453125,14.0872802734375,0.0,3.80523681640625,6831
spectral-norm,89.1192626953125,13.47137451171875,0.0,3.8079833984375,6836
spectral-norm,89.09637451171875,13.37835693359375,0.0,3.81036376953125,6841
spectral-norm,88.2095947265625,12.28826904296875,0.0,3.8250732421875,6860
spectral-norm,87.924072265625,12.45819091796875,0.0,3.7977294921875,6819
spectral-norm,88.17803955078125,12.35772705078125,0.0,3.817626953125,6850
spectral-norm,87.9371337890625,12.257080078125,0.0,3.80908203125,6838
spectral-norm,87.88568115234375,12.41192626953125,0.0,3.80072021484375,6820
spectral-norm,87.66949462890625,12.13043212890625,0.0,3.80096435546875,6824
spectral-norm,89.02398681640625,12.6583251953125,0.0,3.84454345703125,6900
spectral-norm,87.81451416015625,12.591064453125,0.0,3.78564453125,6797
spectral-norm,88.959228515625,13.35186767578125,0.0,3.80572509765625,6831
spectral-norm,89.91790771484375,14.1365966796875,0.0,3.81524658203125,6847
spectral-norm,89.2008056640625,13.77203369140625,0.0,3.79852294921875,6815
spectral-norm,88.9530029296875,13.19488525390625,0.0,3.81298828125,6846
spectral-norm,88.91790771484375,13.5013427734375,0.0,3.79681396484375,6814
spectral-norm,87.673095703125,12.0115966796875,0.0,3.80828857421875,6837
spectral-norm,88.08428955078125,12.374267578125,0.0,3.81024169921875,6841
spectral-norm,87.92724609375,12.29132080078125,0.0,3.80780029296875,6835
spectral-norm,88.71319580078125,13.03973388671875,0.0,3.813232421875,6837
spectral-norm,89.48870849609375,13.861083984375,0.0,3.805908203125,6834
spectral-norm,89.95135498046875,13.942626953125,0.0,3.82830810546875,6869
spectral-norm,88.25848388671875,12.87347412109375,0.0,3.79388427734375,6812
spectral-norm,89.36627197265625,13.49688720703125,0.0,3.8189697265625,6856
spectral-norm,88.957275390625,13.16119384765625,0.0,3.815185546875,6848
spectral-norm,88.90423583984375,13.50970458984375,0.0,3.79425048828125,6813
spectral-norm,88.92626953125,13.0849609375,0.0,3.81781005859375,6854
spectral-norm,89.1156005859375,13.13592529296875,0.0,3.82489013671875,6866
spectral-norm,89.44610595703125,13.632568359375,0.0,3.81695556640625,6851
spectral-norm,88.77984619140625,13.00909423828125,0.0,3.8155517578125,6847
spectral-norm,89.0345458984375,13.274169921875,0.0,3.812744140625,6846
spectral-norm,90.1104736328125,14.3416748046875,0.0,3.8138427734375,6848
spectral-norm,89.44061279296875,13.78057861328125,0.0,3.807861328125,6835
spectral-norm,89.00067138671875,13.78753662109375,0.0,3.78662109375,6797
spectral-norm,89.95074462890625,14.22711181640625,0.0,3.8123779296875,6843
spectral-norm,90.0411376953125,13.93896484375,0.0,3.8341064453125,6877
spectral-norm,89.87646484375,14.0953369140625,0.0,3.81402587890625,6848
spectral-norm,89.3424072265625,13.3824462890625,0.0,3.824951171875,6863
spectral-norm,88.61627197265625,13.5545654296875,0.0,3.777587890625,6783
spectral-norm,89.2342529296875,13.8408203125,0.0,3.79522705078125,6812
spectral-norm,88.90960693359375,13.27410888671875,0.0,3.8065185546875,6836
